{"modelType": "RidgeRegression", "targets": ["\u0421\u041d\u042110 \u0441 (\u0422=22\u00b0\u0421)_ \u0444\u0443\u043d\u0442_100\u0444\u0443\u0442\u00b2", "\u0424\u0438\u043b\u044c\u0442\u0440\u0430\u0446\u0438\u044f API_ \u043c\u043b_30 \u043c\u0438\u043d"], "\u2116": {"min": 1.0, "max": 14.0}, "\u0422\u0435\u0445 \u0432\u043e\u0434\u0430": {"min": 641.0, "max": 641.0}, "\u041a\u0430\u0443\u0441\u0442\u0438\u0447\u0435\u0441\u043a\u0430\u044f \u0441\u043e\u0434\u0430": {"min": 0.8, "max": 1.8}, "\u041a\u0430\u043b\u044c\u0446\u0438\u043d\u0438\u0440\u043e\u0432\u0430\u043d\u043d\u0430\u044f \u0441\u043e\u0434\u0430": {"min": 0.29999999999999993, "max": 0.3}, "\u041a\u0441\u0430\u043d\u0442\u0430\u043d\u043e\u0432\u0430\u044f \u0441\u043c\u043e\u043b\u0430 MEX-GUM S": {"min": 1.6999999999999995, "max": 2.0}, "MEX-PAC LV": {"min": 0.5, "max": 0.5}, "MEX-PAC HV": {"min": 0.5, "max": 0.5}, "K\u0440\u0430\u0445\u043c\u0430\u043b MEX-SBT": {"min": 10.0, "max": 15.0}, "\u0413\u0430\u043b\u0438\u0442": {"min": 187.0, "max": 290.0}, "MEX-CARB": {"min": 80.0, "max": 80.0}, "\u0411\u0430\u0440\u0438\u0442": {"min": 880.0, "max": 880.0}, "\u041f\u043b\u0430\u0441\u0442\u043e\u0432\u0430\u044f \u043d\u0435\u0444\u0442\u044c_ %": {"min": 0.0, "max": 15.0}, "\u0425\u043b\u043e\u0440\u0438\u0434 \u043d\u0430\u0442\u0440\u0438\u044f NaCl_ %": {"min": 0.0, "max": 5.0}, "\u0410\u043d\u0433\u0438\u0434\u0440\u0438\u0442 (CaSO4)_ %": {"min": 0.0, "max": 3.0}, "\u041c\u043e\u0434\u0435\u043b\u044c\u043d\u0430\u044f \u043f\u043b\u0430\u0441\u0442\u043e\u0432\u0430\u044f \u0432\u043e\u0434\u0430 (\u041c\u041f\u0412)": {"min": 0.0, "max": 15.0}, "\u0423\u0441\u043b\u043e\u0432\u043d\u0430\u044f \u0432\u044f\u0437\u043a\u043e\u0441\u0442\u044c \u043f\u043e \u041c\u0430\u0440\u0448\u0443_ \u0441": {"min": 50.0, "max": 151.0}, "\u0414\u041d\u0421\u041d\u0421\u0421 (\u0422=22\u00b0\u0421)_ (2_R3-R6)_ \u0444\u0443\u043d\u0442_100\u0444\u0443\u0442\u00b2": {"min": 2.0, "max": 8.0}, "\u0421\u041d\u042110 \u0441 (\u0422=22\u00b0\u0421)_ \u0444\u0443\u043d\u0442_100\u0444\u0443\u0442\u00b2": {"min": 4.0, "max": 22.0}, "\u0421\u041d\u042110 \u043c\u0438\u043d (\u0422=22\u00b0\u0421)_ \u0444\u0443\u043d\u0442_100\u0444\u0443\u0442\u00b2": {"min": 8.0, "max": 37.0}, "\u0421\u041d\u042130 \u043c\u0438\u043d (\u0422=22\u00b0\u0421)_ \u0444\u0443\u043d\u0442_100\u0444\u0443\u0442\u00b2": {"min": 9.0, "max": 46.0}, "\u041f\u0412 (\u0422=22\u00b0\u0421)_ \u0441\u041f": {"min": 0.0, "max": 89.0}, "\u0414\u041d\u0421 (\u0422=22\u00b0\u0421)_ \u0444\u0443\u043d\u0442_100\u0444\u0443\u0442\u00b2": {"min": 0.0, "max": 73.0}, "\u0424\u0438\u043b\u044c\u0442\u0440\u0430\u0446\u0438\u044f API_ \u043c\u043b_30 \u043c\u0438\u043d": {"min": 3.4, "max": 12.0}}